review,sentiment
"Absolutely love this product, exceeded my expectations!",positive
"Great quality and fast shipping, will buy again.",positive
"Terrible experience, item arrived damaged.",negative
"Customer service was rude and unhelpful.",negative
"It's okay, nothing special but does the job.",neutral
"Best purchase I've made this year, highly recommend!",positive
"Waste of money, broke after two days.",negative
"Average quality for the price, met expectations.",neutral
"Fast delivery and excellent packaging.",positive
"Not what I expected based on the photos.",negative
"Decent product, works as described.",neutral
"Five stars, will definitely purchase from this brand again!",positive
"Very disappointed with the material quality.",negative
"It's fine, does what it's supposed to do.",neutral
"Outstanding service and the product is amazing!",positive
"Refund process was a nightmare, avoid this seller.",negative
"Product matches the description, satisfied overall.",neutral
"Horrible, arrived a month late and wrong item.",negative
"Perfect fit and great color, very happy!",positive
"Mediocre at best, wouldn't buy again.",neutral

